brand,product_name,product_id
Crocs,"Classic Clog|Comfortable Slip On Casual Water Shoe, Army Green, 13 M US Women / 11 M US Men",B0014C5RSS
Crocs,"Classic Clog | Comfortable Slip on Casual Water Shoe, White, 10 M US Women / 8 M US Men",B00152AGEW
Crocs,"Women's Classic Clog | Comfortable Slip on Casual Water Shoe, Chocolate, 9 M US Women / 7 M US Men",B0014C2QH8
Crocs,"Classic Clog | Comfortable Slip on Casual Water Shoe, Pepper, 10 M US Women / 8 M US Men",B00HB55OH6
Crocs,"Women's Classic Clog | Comfortable Slip on Casual Water Shoe, Tangerine, 14 M US Women / 12 M US Men",B010WE7P1K
Crocs,"Classic Clog|Comfortable Slip On Casual Water Shoe, cobblestone, 14 M US Women / 12 M US Men",B07CN2ZZ7S
Crocs,"Classic Clog | Comfortable Slip on Casual Water Shoe, Tangerine, 11 M US Men/13 M US Women",B010WE7PQU
Crocs,Women's Swiftwater Sandal Sport,B01H6ZR0BS
Crocs,"Classic Clog|Comfortable Slip on Casual Water Shoe, Pepper, 12 Women/10 Men",B00HB55PKM
Crocs,Women's Classic Mule Garnet - 12 B(M) US Women / 10 D(M) US Men,B01N0T0YE4
Crocs,"Classic Clog|Comfortable Slip On Casual Water Shoe, Khaki, 16 M US Women / 14 M US Men",B005PQQ27E
Crocs,"Classic Clog | Comfortable Slip on Casual Water Shoe, Tangerine, 12 M US Women / 10 M US Men",B010WE7PEM
Crocs,Classic Clog|Comfortable Slip-on Casual Water Shoe,B005PQQ3IW
Crocs,Women's Kadee Flat,B003XE1CBG
Crocs,Women's Classic Mule Chambray Blue - 9 US Men/ 11 US Women M US,B071WCWXDL
Crocs,Women's Lina Wedge Pump,B01A6LFUDO
Crocs,"Classic Clog|Comfortable Slip On Casual Water Shoe, Cobblestone, 9 M US Women / 7 M US Men",B07CN6CR9L
Crocs,"Classic Clog|Comfortable Slip on Casual Water Shoe, Chocolate, 15 Women/13 Men",B0014C3XU2
Crocs,"Classic Clog|Comfortable Slip On Casual Water Shoe, Army Green, 17 M US Women / 15 M US Men",B07FBNDQG5
Crocs,Women's Classic Mule Ballerina Pink - 9 US Men/ 11 US Women M US,B071FBKVFD
Crocs,"Classic Clog|Comfortable Slip On Casual Water Shoe, Chambray Blue, 12 M US Women / 10 M US Men",B074KJ42X2
Crocs,"Classic Clog|Comfortable Slip On Casual Water Shoe, Pepper, 14 M US Women / 12 M US Men",B00HB55PZW
Crocs,"Classic Clog|Comfortable Slip On Casual Water Shoe, Lemon, 15 M US Women / 13 M US Men",B010WE7KMO
Crocs,Women's Classic Mule Grass Green - 12 US Men/ 14 US Women M US,B072JN5NWB
Crocs,"Classic Clog|Comfortable Slip On Casual Water Shoe, Army Green, 17 M US Women / 15 M US Men",B07FBNDQG5
Crocs,Men's and Women's Literide Clog | Casual Slip on | Comfort Technology,B07886HBSX
Crocs,Crocband Clog | Comfortable Slip on Casual Water Shoe,B002LITTDS
Crocs,"Kid's Crocband Clog | Slip On Water Shoe for Toddlers, Boys, Girls | Lightweight",B01HEXF2OE
Crocs,"Classic Clog|Comfortable Slip On Casual Water Shoe, Navy, 19 M US Women / 17 M US Men",B005PQQ3QE
Crocs,"Classic Clog|Comfortable Slip On Casual Water Shoe, Cobblestone, 15 M US Women / 13 M US Men",B07CPF23YT
Crocs,"Classic Clog|Comfortable Slip On Casual Water Shoe, Cobblestone, 10 M US Women / 8 M US Men",B07CN8WX2N
Crocs,Women's Classic Lined Clog,B0788C71CB
Crocs,Men's and Women's On The Clock Work Slip Resistant Work Shoe | Great Nursing or Chef Shoe,B071FBKVBG
Crocs,"Classic Clog|Comfortable Slip On Casual Water Shoe, Chocolate, 7 M US Women / 5 M US Men",B0014C3XQQ
Crocs,"Classic Clog|Comfortable Slip On Casual Water Shoe, neon purple, 6 M US Men/8 M US Women",B07CN8Y3PG
Crocs,"Classic Clog|Comfortable Slip On Casual Water Shoe, Pepper, 13 M US Women / 11 M US Men",B00HB55PHU
Crocs,Women's Classic Mule Grass Green - 5 US Men/ 7 US Women M US,B071WCWTRF
Crocs,Women's Leigh II Adjustable Ankle Strap Wedge Comfort Sandal,B07B8DY325
Crocs,"Classic Clog | Comfortable Slip on Casual Water Shoe, Army Green, 16 US Women / 14 US Men M US",B07FBJS1QV
Crocs,Bistro Men's and Women's Clog,B0014JGDUC
Crocs,Women's Serena Flat Sandal,B07CPCJT3Y
Crocs,"Classic Clog|Comfortable Slip On Casual Water Shoe, Pepper, 18 M US Women / 16 M US Men",B01M6YNTTE
Crocs,Women's Neria Pro Ii Clog | Slip-Resistant Work and Nursing Shoe,B0787GJ2Y6
Crocs,Women's Baya Clog,B01J1LPVWU
Crocs,Baya Clog,B07CPF24H3
Crocs,"Women's Neria Pro Ii Clog, Slip Resistant Work Shoe",B078F5NXCK
Crocs,Unisex Classic Blitzen III Clog,B07K97C1M5
Crocs,Men's and Women's Classic Tie Dye Graphic Clog,B07JN5SQSQ
Crocs,Women's Literide Pacer Sneaker,B07HHR9Q6H
Crocs,Men's and Women's Classic Lined Clog | Indoor and Outdoor Fuzzy Slipper,B078VX85QW
Crocs,"Classic Clog|Comfortable Slip On Casual Water Shoe, Army Green, 18 M US Women / 16 M US Men",B07FBHT893
Crocs,"Classic Clog|Comfortable Slip On Casual Water Shoe, Lavender, 8 M US Women / 6 M US Men",B001WL4WWI
Crocs,"Classic Clog | Comfortable Slip on Casual Water Shoe, Army Green, 16 US Women / 14 US Men M US",B07FBJS1QV
Crocs,Crocband Clog | Comfortable Slip on Casual Water Shoe,B002JCSSQA
Crocs,"Kid's Crocband Clog | Slip On Water Shoe for Toddlers, Boys, Girls | Lightweight",B01HEXGG0S
Crocs,Men's and Women's Classic American Flag Clog Comfort Slip On,B07HHS8QR5
Crocs,Women's Karin Clog,B00ZUYN634
Crocs,"Women's Classic Clog|Comfortable Slip On Casual Water Shoe, Pepper, 19 M US Women / 17 M US Men",B01MCVH3YD
Crocs,"Classic Clog|Comfortable Slip On Casual Water Shoe, chambray blue, 18 M US Women / 16 M US Men",B074KJWVY1
Crocs,Crocband Platform Clog,B0787H2L77
Crocs,Women's Classic Clog|Comfortable Slip-on Casual Water Shoe,B0014C2QGE
Crocs,Women's Coast Clog,B01J99JRQU
Crocs,Women's Capri V Flip Flop | Casual Sandal With Extra Soft Footbed and Soft Leather Straps | Lightweight Beach Shoe,B010121QG8
Crocs,"Classic Clog|Comfortable Slip On Casual Water Shoe, White, 18 M US Women / 16 M US Men",B01B8D52TG
Crocs,Women's Neria Pro Ii Clog | Slip-Resistant Work and Nursing Shoe,B07CN8X73M
Crocs,Women's Classic Mule Ice Blue - 10 B(M) US Women / 8 D(M) US Men,B01NCNRJ9D
Crocs,Women's Classic Mule Grass Green - 13 US Men/ 15 US Women M US,B071FTWCX2
Crocs,Men's and Women's Crocband Clog | Comfortable Slip on Casual Water Shoe,B07CN8XRZZ
Crocs,"Classic Clog|Comfortable Slip On Casual Water Shoe, Army Green, 11 M US Women / 9 M US Men",B0014C3UEQ
Crocs,Classic Clog|Comfortable Slip On Casual Water Shoe,B07DFLMDMJ
Crocs,Women's Classic Mule Slate Grey - 4 US Men/ 6 US Women M US,B071FBKTRQ
Crocs,Women's Classic Mule Ballerina Pink - 7 US Men/ 9 US Women M US,B0719LG7M3
Crocs,"Classic Clog|Comfortable Slip On Casual Water Shoe, Black, 18 M US Women / 16 M US Men",B005PQQ1KC
Crocs,"Classic Clog|Comfortable Slip on Casual Water Shoe, Army Green, 12 M US Women / 10 M US Men",B0014C2N3A
Crocs,"Women's Classic Clog | Comfortable Slip on Casual Water Shoe, Tangerine, 15 M US Women / 13 M US Men",B010WE7P6K
Crocs,Men's and Women's Bayaband Slide Sandal,B07B87JNYS
Crocs,Women's Literide Mesh Lace-up Sneaker,B07DKW75JR
Crocs,"Classic Clog|Comfortable Slip On Casual Water Shoe, cobblestone, 16 M US Women / 14 M US Men",B07DFJW8KX
Crocs,Women's Reviva Flip Flop,B07CN3BDNW
Crocs,Women's Swiftwater Mesh Sandal Flat,B07DLK7WFQ
Crocs,Men's and Women's Literide Clog | Casual Slip on | Comfort Technology,B076JKPZGT
Crocs,Ralen Clog Kids Unisex,B00E3X1C20
Crocs,Kids' Classic Glitter Clog,B0787KH4N8
Crocs,Men's Swiftwater Wave Sandal Flat,B07L95JZ5X
Crocs,Crocband Clog | Comfortable Slip on Casual Water Shoe,B01HQAM2GG
Crocs,Women's Classic Mule Garnet - 7 B(M) US Women / 5 D(M) US Men,B01MQY6ZHL
Crocs,Men's and Women's Baya Clog |Comfortable Slip on Casual Water Shoe,B00HWSV2YG
Crocs,Women's Busy Day Stretch Asymmetrical Wedge,B010WF2BGI
Crocs,Women's Unisex Bistro Work Clog,B07CN8YKHX
Crocs,Unisex Modi Sport Flip Flop,B010WFLXD0
Crocs,11033 Flip Flop,B07CN4H1ZW
Crocs,Women's Alice Work Flat,B0037KMTCC
Crocs,Women's Sloane Slide,B07DLSH6B7
Crocs,Women's Bistro Pro Literide Clog,B07CN8YZ7T
Crocs,Women's Jaunt Shorty Boot,B00DU93UTQ
Crocs,"Women's Classic Clog|Comfortable Slip On Casual Water Shoe, Grass Green, 8 M US Women / 6 M US Men",B072Q63YF6
Crocs,Women's Patricia Wedge Sandal,B001IV5B7M
Crocs,Women's Meleen Cross Band Slide Sandal,B07DLRDXMD
Crocs,Women's Classic Mule Grass Green - 17 US Men/ 19 US Women M US,B071ZSY4LW
Crocs,Women's Sanrah Metal Block Strap Wedge Sandal,B07DLK7QP5
Crocs,Men's and Women's Athens Flip Flop,B01N4GC3BH
Crocs,Women's Classic Mule Grass Green - 16 US Men/ 18 US Women M US,B071WCWSZB
Crocs,Crocband Flip Flop,B07CN7JHH5
Crocs,Women's Mercy Work Clog,B003ZJINVQ
Crocs,"Classic Clog|Comfortable Slip On Casual Water Shoe, cobblestone, 11 M US Women / 9 M US Men",B07CN6CCCP
Crocs,Women’s Crocs At Work Flat,B072FK63LP
Crocs,Unisex Bistro Work Clog,B01H87VJPW
Crocs,Women's Swiftwater Webbing Sandal,B07FKJYM8M
Crocs,Women's Freesail Anchor Print Clog,B07KX11H76
Crocs,Women's Coast Clog,B01J99J34G
Crocs,"Unisex Ralen Clog, Size: 4 D(M) US Mens / 6 B(M) US Womens, Color: Black",B00E3WZ6TG
Nike,Women's Tanjun Running Shoes,B004Y6PQBE
Nike,Women's Epic React Flyknit Running Shoe,B07M7W948G
Nike,Women's Reax Run 5 Running Shoes,B073NHB1VS
Nike,Women's Low-Top Trainers,B001PDTO08
Nike,Women's Revolution 4 Running Shoe,B06XK9L1NR
Nike,Women's Benassi Just Do It Sandal,B073C5GY8G
Nike,Womens Free RN Flyknit 2018 Running Athletic,B078Y9GNQF
Nike,Women's Flex RN 2018 Running Shoe,B075ZYK9GD
Nike,Women's Revolution 5 Running Shoe,B07NLCRQX4
Nike,Women's Run Swift Sneaker,B07144JK28
Nike,Women's in-Season TR 8 Cross Training Shoes,B078B2GSFR
Nike,Women's Air Zoom Pegasus 36 Running Shoe,B07H98Z61R
Nike,Women's Air Max Oketo Sneaker,B07HKKCLBF
Nike,Womens Zoom Hyperace 2 Volleyball Shoe,B0789SKFMW
Nike,Run Swift Sneaker,B07HCN2QNK
Nike,Women's Revolution 4 Wide Sneaker,B075ZYPVR4
Nike,Women's Downshifter 9 Sneaker,B07H84HP4K
Nike,Women's Free RN 5.0 Running Shoe,B07HB63Q9B
Nike,Men's Air Max Torch 4 Running Shoe,B009D3HSDM
Nike,Women's Flex Trainer 8 Cross,B079V77HGV
Nike,Women's Zoom Winflo 5 Running Shoes,B07BR3HB14
Nike,Women's Air Zoom Pegasus 34 Running Shoe,B07199FDWX
Nike,Women's Low-Top Trainers,B01IDLDQ80
Nike,Metcon 4 Womens Running Shoes,B07BSQSSZ6
Nike,Women's Flex Trainer 9 Sneaker,B07HDSRJML
Nike,Women's Court Royale Ac Sneaker,B07CXZSZNM
Nike,Women's Running Shoes,B07BQX949W
Nike,Women's Flex Experience Run 8 Shoe,B00SF6DKX0
Nike,Women's Free Tr 8 Running Shoes,B07KR6CRZ1
Nike,Women's Air Zoom Vapor X Tennis Shoes,B07FKCG5NQ
Nike,Kid's Tanjun Running Shoe,B00YFS73O4
Nike,Women's WMNS Odyssey React Low-Top Sneakers,B078JP4PT6
Nike,Women's Air Force 1 '07,B00OKV2W92
Nike,Free Rn Sense,B01K0NQJVU
Nike,W Air Max Thea MID Women's Sneaker Black 859550 001,B006Y66A6C
Nike,Womens Renew Rival Running Shoes,B076JKT67K
Nike,Womens Air Max 2017 Running Shoes,B06XSZ3ZCS
Nike,Women's Metcon 4 XD Training Shoe,B07HDS9CX5
Nike,Women's Kawa Slide Sandal,B005RFGSB8
Nike,"Men's Tanjun Sneakers, Breathable Textile Uppers and Comfortable Lightweight Cushioning",B077YZQQH9
Nike,Women's Free Metcon 2 Training Shoe,B07HDSKBFM
Nike,Women's Free Rn Flyknit Running Shoe,B0763R6P1D
Nike,"Women's Running Shoes, Black",B078JZDBRS
Nike,"Women's Low-Top Sneakers Running Shoes, Black, 9.5 us",B017CK6I3S
Nike,Women's React Element 55 Running Shoes,B07N3YWYJZ
Nike,Women's Downshifter 7 Running Shoe,B00BIIN5AK
Nike,Women's Air Max Sequent 3 Running Shoe,B07FB8W32G
Nike,"Men's Gymnastics Shoes, Multicolour",B000AR8WI0
Nike,"Women's Air Zoom Pegasus 34 Running Shoe (9.5, Rust Pink Tropical Pink)",B07VD628MJ
Nike,Women's Flex RN 2018 Running Shoe,B00FVSQ5GO
Nike,Men's Air Max Torch 4 Running Shoe,B009D3HT6I
Nike,Women's in-Season TR 8 Women's Training Shoes,B0789RKKJD
Nike,SB Check Solarsoft Canvas,B0178Q384S
Nike,Air Zoom Terra Kiger 5 Women's Trail Running Shoe,B07H9BTZ5G
Nike,Precision Iii Basketball Shoe,B07HDSL9ML
Nike,Women's Air Max 270 Running Shoe,B07NJMBFFS
Nike,Women's Air Zoom Vomero 14 Running Shoe,B07DCNF22J
Nike,Women's Court Royale Ac SLP Sneaker,B07H7SF418
Nike,Men's Zoom Rival MD 8 Track Spike,B07HMC44XN
Nike,Women's Odyssey React Flyknit 2 Running Shoe,B00V9KO128
Nike,Women’s Air Max 90 Sneaker,B0074HSCKC
Nike,Men's Epic React Flyknit Running Shoes,B00O1F3NXG
Nike,Women's Court Lite Tennis Shoe,B01A67TGYW
Nike,Women's Flex Trainer 8 Cross,B0761YP3LC
Nike,"Lunar Empress 2 Sneakers, Women, Women, Lunar Empress 2",B0142QBZQA
Nike,Women's Flex Experience Run 8 (Wide) Shoe,B07FKMK1LW
Nike,Women's Free Tr 8 Running Shoes,B004U1FXRK
Nike,Men's Air Zoom Pegasus 35 Running Shoe,B075ZYR2X7
Nike,Women's Ebernon Low Sneaker,B078HF2MRP
Nike,Women's Flex Control Tr3 Sneaker,B07FKBHZKT
Nike,Womens Metcon Flyknit 3 Running Trainers Ar5623 Sneakers Shoes,B07L371T5Y
Nike,Women's Air Zoom Structure 22 Running Shoe,B07HYXF2Q7
Nike,Women's Kawa Shower Slide Sandals,B07C3V8CFQ
Nike,Men's Odyssey React Running Shoe,B078JRKGGJ
Nike,Men's Lunar Prime Iron II Sneaker,B0719QHWC9
Nike,Women's Flex Experience Run 7 Shoe,B071NSSTDP
Nike,Women's Tanjun Running Shoes,B07BQZK4PR
Nike,Womens Court Majestic Running Trainers 454256 Sneakers Shoes,B00XQBR39G
Nike,Men's Ebernon Low Basketball Shoe,B078HC78Q5
Nike,Women's Tanjun SE Port/Wine/Dark/Raisin Running Shoe 11 Women US,B06W9FHD1V
Nike,Women’s WMNS Free Tr 7 Trainers,B01M3NHP74
Nike,Men's Classic Cortez Leather Running Shoes,B07KFPTZ9F
Nike,Girl's Youth Cheer Sideline IV Cheerleading Shoes,B0761Y21KJ
Nike,Women's Tanjun Running Shoes,B018TE4UZY
Nike,Women's Air Max 270 React Casual Shoes,B07YF4FP99
Nike,Women's Air Vapormax 2019 Nylon Casual Shoes,B00W4ESALG
Nike,Women's Air Max 270 Running Shoes-Total Orange/White,B079QMPWWV
Nike,Womens Free Tr Flyknit 3 Low Top Lace Up Running Sneaker,B00XL94QWK
Nike,Women's Flex Experience Running Shoes Gray/White,B071444ZWK
Nike,Women's Air Max Dia Fashion Sneakers,B07QNRDX5C
Nike,Men's Kyrie Flytrap Basketball Shoes,B07BTJJY7Z
Nike,Women's Zoom Cage 3 Tennis Shoe,B078B41LLS
Nike,Women's Acalme Sneaker,B07HLFVHN4
Nike,Women's Air Zoom Pegasus 34 Running Shoe White/Anthracite Pure Platinum,B0725GY17K
Nike,Zoom Pegasus 35 Turbo Men's Running Shoe,B07G4YTRTP
Nike,Women’s Air Max Thea Gymnastics Shoes,B072HMYFF4
Nike,Zoom Fly Flyknit Women's Running Shoe,B07HYSKHFZ
Nike,Women's's Air Huarache Run Shoes,B01A5ZP3AQ
Nike,Women's Air Huarache Run Ultra White/Black 819151-102 Trainers,B073V9DKV6
Nike,Air Huarache Running Shoe,B075Z51WMP
Nike,Women's Air Max Motion LW Running Shoes,B0145Y5G4Q
Nike,Women's Air Max Sequent 4 Running Shoes,B07BTQ2S68
Nike,Mens React Element 55 Running Shoes,B003ZTKHZ6
Nike,Mens Court Borough Low Basketball Sneakers,B004TORF0Q
Nike,Women's Flex Trainer 8 PRM Cross Training Shoes,B07BSHR7NJ
Nike,Men's Flex RN 2019 Running Shoe,B07H97YFGS
Nike,Women's Flex Experience Run 7 Shoe,B0722W7YQ4
Nike,Womens Metcon 4 Xd X Running Trainers Bv2052 Sneakers Shoes,B07FKF5BTP
Skechers,Work Sure Track - Trickel,B00F57H8VC
Skechers,Women's D'Lites Memory Foam Lace-up Sneaker,B014GNJV6K
Skechers,Sport Women's D'Lites Slip-On Mule Sneaker,B014GMZBJC
Skechers,Women's Go Walk Joy Walking Shoe,B071VN17KR
Skechers,Women's Ghenter Srelt Work Shoe,B01NAOKX7O
Skechers,Women's Comfort Flex Sr Hc Pro Health Care Professional Shoe,B079JDZ877
Skechers,for Work Women's Squad SR Food Service Shoe,B073WHMZPH
Skechers,Women's Go Walk 5-15901 Sneaker,B07N13K5S7
Skechers,Performance Women's Go Walk 3 Slip-On Walking Shoe,B07MKPM6B6
Skechers,for Work Women's Gozard Slip Resistant Walking Shoe,B00YHHDRIO
Skechers,Performance Women's Go Walk 4 - Pursuit Walking Shoe,B01AH0BMJK
Skechers,Sport Women's No Limits Slip-On Mule Sneaker,B014EY3HT8
Skechers,Sport Women's Premium-Nubuck,B0006HBGG4
Skechers,Women's Flex Appeal 3.0-First Insight Sneaker,B07MYZJTP4
Skechers,for Work Women's Synergy Sandlot Alloy Toe Lace-Up Work Shoe,B00NLI8FU0
Skechers,Sport Women's Skech Air Run High Fashion Sneaker,B07MKPK8ZH
Skechers,for Work Women's Eldred Shoe,B00PJYW9V0
Skechers,Women's Gratis-Strolling Sneaker,B07FDCNBWZ
Skechers,Performance Women's Go Walk Slip-On Walking Shoe,B006FAXA5G
Skechers,Women's Summits-Quick Getaway Sneaker,B07H5NBN8W
Skechers,Women's Go Drive Dogs at Play Spikeless Golf Shoe,B07XDC6DZT
Skechers,Women's Breathe Easy-Good Influence Sneaker,B07J38R5VY
Skechers,for Work Women's Gibson-Brogna SR Slip-On,B07MKSBTC1
Skechers,Women's Go Walk 5-Prized Sneaker,B07N13FBDD
Skechers,for Work Women's Sure Track Erath Athletic Lace Slip Resistant Boot,B00UBJ221A
Skechers,Sport Women's Premium Sneaker,B000E7WIKY
Skechers,for Work Men's Cottonwood Goddard Twin Gore Slip Resistant Slip On,B00QQNZHRQ
Skechers,Women's Ultra Flex Statements Sneaker,B074BYFLP5
Skechers,for Work Women's Soft Stride-Softie Lace-Up,B0007TLSE6
Skechers,Women's Flex Appeal 3.0-go Forward Sneaker,B07H61JGMS
Skechers,Women's Microburst 2.0-Best Ever Sneaker,B07P8WPSJL
Skechers,for Work Women's Workshire Peril Steel Toe Boot,B00NXZ5EEG
Skechers,Sport Women's Empire Fashion Sneaker,B017N5RSXQ
Skechers,Sport Women's Breathe Easy Fortune Fashion Sneaker,B01HT8YEO8
Skechers,BOBS Women's Bobs Plush-Peace & Love,B07NDM4SLK
Skechers,Women's Cleo Bewitch Ballet Flat,B01N2RZ1W6
Skechers,Sport Women's Loving Life Memory Foam Fashion Sneaker,B07MDLBYZ9
Skechers,Women's Summits-Looking Groovy Sneaker,B07W2R2N7Z
Skechers,Sport Women's Breathe Easy Fortune Fashion Sneaker,B07SKBWTQV
Skechers,for Work Women's Bisco Slip Resistant Work Shoe,B01HEV6T0C
Skechers,Sport Women's Energy Sneaker,B000PGR75U
Skechers,Women's Go Walk Lite-15433 Boat Shoe,B071KLKY6W
Skechers,Women's Go Walk 5-True Sneaker,B07N13DC82
Skechers,Women's Flex Appeal 2.0 Sneaker,B01N90ZQ76
Skechers,Women's Flex Appeal 3.0 Sneaker,B07CYV8GH2
Skechers,Women's Fortress Clog Slipper,B000H0Z82S
Skechers,"Women's Seager-Stat-Scalloped Collar, Engineered Skech-Knit Slip-on-Classic Fit Loafer",B079JKDLV7
Skechers,Women's Go Walk 5-Honor Sneaker,B07N13SXYL
Skechers,Womens Ultra Flex 2.0 - Comfy Bright Sneaker,B07YVLX9F1
Skechers,Be-Light High Hopes Womens Slip On Sneaker,B07QD19HBB
Skechers,Women's Go Walk Evolution Ultra-Legacy Sneaker,B07FMMLGML
Skechers,"Women's Performance, Gowalk Joy Lace up Walking Shoes Charcoal 7 W",B07J656HSD
Skechers,Women's Bikers -Fiesta Mary Jane Flat,B01NCK7LIX
Skechers,Women's Ultra Flex-Harmonious Sneaker,B07JMHHSLN
Skechers,Women's Cleo-Leopard Loafer-Engineered Knit Ballet Flat,B07RC1C84G
Skechers,Women's Microburst Topnotch Sneaker,B01J2S190A
Skechers,Performance Women's Go Walk 4 Kindle Slip-On Walking Shoe,B01LXF52ZA
Skechers,Women's Bobs B Cute Sneaker,B07NJNRPNS
Skechers,Sport Men's Equalizer Coast to Coast Mule,B01APLBZIY
Skechers,Women's Go Walk Joy-15641 Sneaker,B07FKW9KWX
Skechers,Performance Women's Go Step Lite-Agile Walking Shoe,B01IPYZ03O
Skechers,Women's Go Walk Smart-16700 Sneaker,B07N12X88P
Skechers,Women's Summits Sneaker,B078TLWJFC
Skechers,Work Sure Track,B00BIET56W
Skechers,Work Women's Cheriton - Shuykill,B07FBHNBF7
Skechers,for Work Women's Kincaid II Slip On Slip Resistant Loafer,B00UBJ1CUC
Skechers,BOBS from Skechers Women's Keepsakes Ice Angel Slipper,B07JM4XQ1N
Skechers,for Work Women's Relaxed Fit Slip Resistant Work Shoe,B00F57FTIQ
Skechers,Work Women's Brooten,B005A19N2K
Skechers,Women's Seager-Power Hitter-Engineered Knit Mary Jane Flat,B07HWQ3MXG
Skechers,Women's Street Cleat. Canvas Contrast Stitch Lace Up Sneaker,B07H61FSBZ
Skechers,Women's Go Walk Lite - Eclipse Boat Shoe,B075Y2ZDPY
Skechers,Women's Ultra Flex-First Take Sneaker,B078WVXYXG
Skechers,Women's Go Walk Joy-15637 Sneaker,B07FKW8N66
Skechers,Performance Women's Go Walk 2 Slip-On Walking Shoe,B009ZDF06W
Skechers,Women's Gratis-Going Places,B00PK31CNG
Skechers,"Women's Performance, Go Walk Joy Slip on Shoes Blue 10 M",B07BKLWDRR
Skechers,Go Walk Joy 15602 Shoe,B071WTWMT4
Skechers,Women's Skech Air Extreme Awaken Fashion Sneaker,B01FXHX44I
Skechers,Women's Go 4-14918 Walking Shoe,B01MY8A9QB
Skechers,Performance Women's Go Step Lite-Solace Walking Shoe,B01MU17BVI
Skechers,Women's Eagle Spikeless Golf Shoe,B07DLCBYPC
Skechers,Women's Cleo-Scalloped Knit Skimmer Ballet Flat,B07J3HLYKG
Skechers,Women's Summits Sneaker,B07847ND21
Skechers,Work Sudler-77245 Women's Oxford,B078XJHG8N
Skechers,"Performance Women's Go Walk Slip-On Walking Shoe (8 W US, Black/Black)",B07N8DX531
Skechers,Women's Go Walk 5-Lucky Sneaker,B07N13VCL5
Skechers,Women's Microburst One up Fashion Sneaker,B06XFMR87Q
Skechers,for Work Women's D'lites Slip-Resistant Marbleton Shoe,B01KW7KRQW
Skechers,Women's Full Circle,B00PK31LDM
Skechers,Women's Go Walk Lite-15430 Boat Shoe,B072NBSBJM
Skechers,Women's Nampa-annod Food Service Shoe,B07793W9MC
Skechers,Women's Go Walk 2 Sugar Relaxed Fit Golf Shoe,B07DLF4SM9
Skechers,BOBS from Skechers Women's Highlights Flexpadrille Wedge,B01N21YO39
Skechers,Women's Cleo-Newford-Scalloped Knit Skimmer Ballet Flat,B07J3TLSLC
Skechers,"Women's Performance, Gowalk Joy Terrific Slip on Walking Shoes",B07BKMLJQG
Skechers,Women's Reggae Fest Willows Flat,B01B60BFS8
Skechers,Women's Commute-Knitastic-Engineered Knit Open Back Mule,B079HM8KKF
Skechers,Women's Madison Ave-Inner City Sneaker,B07J32CNX1
Skechers,Women's Easy Going Repute Mule,B00NORCAA4
Skechers,Performance Women's Go Walk 4 - Achiever Walking Shoe,B01AH022NK
Skechers,Performance Women's Go Walk 2 Super Sock 2 Slip-On Walking Shoe,B00HSIBRJU
Skechers,Women's Glide Ultra-Playa Boat Shoe,B07H61GGTX
Skechers,Women's Summits-New World Sneaker,B07P3VVHWC
Skechers,Women's Go Step Lite-14730 Walking Shoe,B01N5PECGL
Skechers,Performance Women's Go Walk 4 A.D.C. All Day Comfort Walking Shoe,B01J2NZXQG
Skechers,Go Trail Escape Women Round Toe Suede Hiking Shoe,B01IFGIQ60
Skechers,Performance Women's Go Outdoor Walking Shoe,B01B2VSF4S
